"player_id","player_name","Pos","salmil","G","GS","MP","TRB","AST","BLK","PTS","pts40_ind","AST40","BLK40","TRB40","GMP","Pts_G"
1,"Alex Abrines","SG",3.667645,31,2,588,48,20,6,165,11.2244897959184,1.36054421768708,0.408163265306122,3.26530612244898,18.9677419354839,5.32258064516129
2,"Quincy Acy","PF",0.213948,10,0,123,25,8,4,17,5.52845528455285,2.60162601626016,1.30081300813008,8.13008130081301,12.3,1.7
3,"Steven Adams","C",24.157304,80,80,2669,760,124,76,1108,16.6054702135631,1.85837392281753,1.13900337204946,11.3900337204946,33.3625,13.85
4,"Jaylen Adams","PG",0.236854,34,1,428,60,65,5,108,10.0934579439252,6.07476635514019,0.467289719626168,5.60747663551402,12.5882352941176,3.17647058823529
5,"Bam Adebayo","C",2.95584,82,28,1913,597,184,65,729,15.2430737062206,3.84736016727653,1.35912179822269,12.4830109775222,23.3292682926829,8.89024390243902
6,"Deng Adel","SF",0.07725,19,3,194,19,5,4,32,6.5979381443299,1.03092783505155,0.824742268041237,3.91752577319588,10.2105263157895,1.68421052631579
8,"DeVaughn Akoon-Purcell","SG",0.07725,7,0,22,4,6,0,7,12.7272727272727,10.9090909090909,0,7.27272727272727,3.14285714285714,1
10,"LaMarcus Aldridge","C",22.347015,81,81,2687,744,194,107,1727,25.7089691105322,2.88797915891329,1.59285448455527,11.0755489393376,33.1728395061728,21.320987654321
11,"Rawle Alkins","SG",0.07725,10,1,120,26,13,0,37,12.3333333333333,4.33333333333333,0,8.66666666666667,12,3.7
12,"Grayson Allen","SG",2.07696,38,2,416,23,25,6,211,20.2884615384615,2.40384615384615,0.576923076923077,2.21153846153846,10.9473684210526,5.55263157894737
13,"Jarrett Allen","C",2.03412,80,80,2096,672,110,120,873,16.6603053435114,2.09923664122137,2.29007633587786,12.824427480916,26.2,10.9125
14,"Kadeem Allen","SG",0.07725,19,1,416,51,76,4,189,18.1730769230769,7.30769230769231,0.384615384615385,4.90384615384615,21.8947368421053,9.94736842105263
15,"Al-Farouq Aminu","PF",6.957105,81,81,2292,610,104,33,760,13.2635253054101,1.81500872600349,0.575916230366492,10.6457242582897,28.2962962962963,9.38271604938272
16,"Ryan Anderson","PF",20.421546,50,16,644,108,38,2,126,7.82608695652174,2.36024844720497,0.124223602484472,6.70807453416149,12.88,2.52
17,"Kyle Anderson","SF",8.641,43,40,1281,251,128,37,346,10.8040593286495,3.99687743950039,1.15534738485558,7.8376268540203,29.7906976744186,8.04651162790698
18,"Justin Anderson","SF",2.516047,48,4,463,84,23,13,178,15.377969762419,1.98704103671706,1.1231101511879,7.25701943844492,9.64583333333333,3.70833333333333
19,"Ike Anigbogu","C",1.349383,3,0,6,3,1,1,0,0,6.66666666666667,6.66666666666667,20,2,0
20,"Giannis Antetokounmpo","PF",24.157304,72,72,2358,898,424,110,1994,33.8252756573367,7.19253604749788,1.86598812553011,15.2332485156913,32.75,27.6944444444444
21,"Kostas Antetokounmpo","PF",0.07725,2,0,11,1,0,0,2,7.27272727272727,0,0,3.63636363636364,5.5,1
22,"Carmelo Anthony","PF",2.393887,10,2,294,54,5,7,134,18.2312925170068,0.680272108843538,0.952380952380952,7.3469387755102,29.4,13.4
23,"OG Anunoby","SF",1.95276,67,6,1352,197,47,22,469,13.8757396449704,1.3905325443787,0.650887573964497,5.82840236686391,20.1791044776119,7
24,"Ryan Arcidiacono","PG",1.349383,81,32,1961,219,269,4,544,11.0963793982662,5.48699643039266,0.0815910249872514,4.46710861805201,24.2098765432099,6.71604938271605
25,"Trevor Ariza","SF",15,138,138,4698,742,504,42,1726,14.6956151553853,4.2911877394636,0.357598978288633,6.31758194976586,34.0434782608696,12.5072463768116
28,"DJ Augustin","PG",7.25,81,81,2269,203,426,4,948,16.7122080211547,7.50991626267078,0.0705156456588806,3.57866901718819,28.0123456790123,11.7037037037037
29,"Deandre Ayton","C",8.17584,71,70,2183,729,125,67,1159,21.2368300503894,2.29042601923958,1.22766834631241,13.3577645442052,30.7464788732394,16.3239436619718
30,"Dwayne Bacon","SG",1.378242,43,13,759,89,47,5,316,16.6534914361001,2.47694334650856,0.263504611330698,4.69038208168643,17.6511627906977,7.34883720930233
31,"Marvin Bagley","PF",7.31496,62,4,1567,471,62,59,923,23.5609444798979,1.58264199106573,1.50606253988513,12.0229738353542,25.2741935483871,14.8870967741935
32,"Ron Baker","SG",4.697823,30,0,304,22,30,2,28,3.68421052631579,3.94736842105263,0.263157894736842,2.89473684210526,10.1333333333333,0.933333333333333
33,"Wade Baldwin","PG",1.544951,16,0,94,15,12,2,30,12.7659574468085,5.1063829787234,0.851063829787234,6.38297872340426,5.875,1.875
34,"Lonzo Ball","PG",7.46196,47,45,1423,251,255,19,465,13.0709768095573,7.16795502459592,0.534082923401265,7.05551651440618,30.2765957446809,9.8936170212766
35,"Mo Bamba","C",4.87128,47,1,766,233,39,64,292,15.2480417754569,2.03655352480418,3.3420365535248,12.1671018276762,16.2978723404255,6.21276595744681
36,"Harrison Barnes","PF",24.107258,49,49,1584,207,62,11,866,21.8686868686869,1.56565656565657,0.277777777777778,5.22727272727273,32.3265306122449,17.6734693877551
36,"Harrison Barnes","PF-SF",24.107258,77,77,2533,361,115,13,1265,19.9763126727201,1.81602842479274,0.205290169759179,5.7007500986972,32.8961038961039,16.4285714285714
36,"Harrison Barnes","SF",24.107258,28,28,949,154,53,2,399,16.8177028451001,2.23393045310854,0.0842992623814542,6.49104320337197,33.8928571428571,14.25
37,"Will Barton","SG",11.830358,43,38,1189,199,124,22,494,16.619007569386,4.17157275021026,0.740117746005046,6.69470142977292,27.6511627906977,11.4883720930233
38,"Keita Bates-Diop","SF",0.838464,30,3,503,83,17,14,151,12.0079522862823,1.35188866799205,1.11332007952286,6.60039761431412,16.7666666666667,5.03333333333333
39,"Nicolas Batum","SF",24,75,72,2354,390,247,43,699,11.8776550552251,4.19711129991504,0.730671197960918,6.62701784197111,31.3866666666667,9.32
40,"Jerryd Bayless","PG",8.575916,34,6,657,62,119,2,209,12.7245053272451,7.24505327245053,0.121765601217656,3.77473363774734,19.3235294117647,6.14705882352941
41,"Aron Baynes","C",5.1936,51,18,821,240,57,34,284,13.836784409257,2.77710109622412,1.65651644336175,11.6930572472594,16.0980392156863,5.56862745098039
42,"Kent Bazemore","SG",18.089888,67,35,1643,261,152,42,779,18.965307364577,3.70054777845405,1.02251978088862,6.3542300669507,24.5223880597015,11.6268656716418
43,"Bradley Beal","SG",25.434262,82,82,3028,411,448,58,2099,27.7278731836196,5.91809775429326,0.766182298546896,5.42932628797886,36.9268292682927,25.5975609756098
44,"Michael Beasley","PF",3.5,26,2,277,60,25,10,181,26.1371841155235,3.6101083032491,1.44404332129964,8.66425992779783,10.6538461538462,6.96153846153846
45,"Malik Beasley","SG",1.77384,81,18,1879,200,97,10,917,19.5210218201171,2.06492815327302,0.212879191059074,4.25758382118148,23.1975308641975,11.320987654321
46,"Marco Belinelli","SG",6.153846,79,1,1815,198,132,8,829,18.2699724517906,2.90909090909091,0.176308539944904,4.36363636363636,22.9746835443038,10.4936708860759
47,"Jordan Bell","C",1.378242,68,3,788,184,76,51,223,11.3197969543147,3.85786802030457,2.58883248730964,9.34010152284264,11.5882352941176,3.27941176470588
49,"Dragan Bender","PF",4.66128,46,27,826,183,56,22,230,11.138014527845,2.71186440677966,1.06537530266344,8.86198547215496,17.9565217391304,5
50,"Davis Bertans","PF",7,76,12,1632,264,100,33,606,14.8529411764706,2.45098039215686,0.808823529411765,6.47058823529412,21.4736842105263,7.97368421052632
51,"Dairis Bertans","SG",0.19422,12,0,167,9,10,0,34,8.1437125748503,2.39520958083832,0,2.15568862275449,13.9166666666667,2.83333333333333
52,"Patrick Beverley","PG",5.027028,78,49,2137,388,300,43,596,11.1558259241928,5.61534861956013,0.804866635470285,7.26251754796444,27.3974358974359,7.64102564102564
54,"Khem Birch","C",1.378242,50,1,643,190,38,29,240,14.9300155520995,2.36391912908243,1.80404354587869,11.8195956454121,12.86,4.8
56,"Bismack Biyombo","C",17,54,32,783,247,33,41,236,12.0561941251596,1.68582375478927,2.09450830140485,12.6181353767561,14.5,4.37037037037037
57,"Nemanja Bjelica","PF",6.5,77,70,1788,444,147,56,741,16.5771812080537,3.28859060402685,1.25279642058166,9.93288590604027,23.2207792207792,9.62337662337662
58,"Antonio Blakeney","SG",1.349383,57,3,829,106,42,9,418,20.1688781664656,2.02653799758745,0.434258142340169,5.1145958986731,14.5438596491228,7.33333333333333
59,"Eric Bledsoe","PG",15,78,78,2272,362,430,29,1241,21.8485915492958,7.57042253521127,0.51056338028169,6.37323943661972,29.1282051282051,15.9102564102564
60,"Jaron Blossomgame","SF",0.07725,27,4,439,98,13,8,114,10.3872437357631,1.18451025056948,0.728929384965831,8.92938496583144,16.2592592592593,4.22222222222222
62,"Bojan Bogdanovic","SF",10.5,81,81,2573,333,161,1,1454,22.6039642440731,2.50291488534784,0.0155460551884959,5.17683637776914,31.7654320987654,17.9506172839506
63,"Bogdan Bogdanovic","SG",9,70,17,1947,243,267,15,990,20.3389830508475,5.48536209553159,0.308166409861325,4.99229583975347,27.8142857142857,14.1428571428571
64,"Andrew Bogut","C",0.486892,11,5,134,55,11,8,39,11.6417910447761,3.28358208955224,2.38805970149254,16.4179104477612,12.1818181818182,3.54545454545455
65,"Jonah Bolden","PF",1.69,44,10,639,165,40,39,207,12.9577464788732,2.50391236306729,2.44131455399061,10.3286384976526,14.5227272727273,4.70454545454546
66,"Isaac Bonga","PG",1,22,0,120,25,15,4,19,6.33333333333333,5,1.33333333333333,8.33333333333333,5.45454545454545,0.863636363636364
67,"Devin Booker","SG",3.314365,64,64,2242,265,433,13,1700,30.3300624442462,7.72524531668153,0.231935771632471,4.72792149866191,35.03125,26.5625
69,"Chris Boucher","PF",0.457418,28,0,163,56,2,24,93,22.8220858895706,0.49079754601227,5.88957055214724,13.7423312883436,5.82142857142857,3.32142857142857
70,"Avery Bradley","SG",12,126,126,3810,350,304,32,1250,13.1233595800525,3.19160104986877,0.335958005249344,3.6745406824147,30.2380952380952,9.92063492063492
71,"Tony Bradley","C",1.67952,3,0,36,15,1,2,17,18.8888888888889,1.11111111111111,2.22222222222222,16.6666666666667,12,5.66666666666667
72,"Corey Brewer","SF",2.559925,62,6,984,152,78,14,302,12.2764227642276,3.17073170731707,0.569105691056911,6.17886178861789,15.8709677419355,4.87096774193548
73,"Mikal Bridges","SF",3.5574,82,56,2417,264,173,38,684,11.319817956144,2.8630533719487,0.628878775341332,4.36905254447662,29.4756097560976,8.34146341463415
74,"Miles Bridges","SF",3.20664,80,25,1696,323,95,49,597,14.0801886792453,2.24056603773585,1.15566037735849,7.61792452830189,21.2,7.4625
75,"Isaiah Briscoe","PG",0.838464,39,0,559,74,87,2,136,9.73166368515206,6.22540250447227,0.143112701252236,5.29516994633274,14.3333333333333,3.48717948717949
76,"Ryan Broekhoff","SG",0.838464,42,0,453,63,22,4,167,14.7461368653422,1.94260485651214,0.353200883002208,5.56291390728477,10.7857142857143,3.97619047619048
77,"Malcolm Brogdon","SG",1.544951,64,64,1832,288,205,13,1001,21.8558951965066,4.47598253275109,0.283842794759825,6.2882096069869,28.625,15.640625
78,"MarShon Brooks","SG",1.656092,29,0,387,45,25,4,190,19.6382428940568,2.58397932816537,0.41343669250646,4.65116279069767,13.3448275862069,6.55172413793104
79,"Dillon Brooks","SF",1.378242,18,0,330,31,16,4,135,16.3636363636364,1.93939393939394,0.484848484848485,3.75757575757576,18.3333333333333,7.5
80,"Jaylen Brown","SG",5.16996,74,25,1913,313,100,32,964,20.1568217459488,2.09095661265029,0.669106116048092,6.5446941975954,25.8513513513514,13.027027027027
81,"Troy Brown","SF",2.75268,52,10,730,145,80,5,248,13.5890410958904,4.38356164383562,0.273972602739726,7.94520547945205,14.0384615384615,4.76923076923077
82,"Sterling Brown","SG",1.378242,58,7,1034,184,84,8,372,14.3907156673114,3.2495164410058,0.309477756286267,7.11798839458414,17.8275862068966,6.41379310344827
83,"Bruce Brown","SG",0.838464,74,56,1449,185,91,36,319,8.80607315389924,2.51207729468599,0.993788819875776,5.10697032436163,19.5810810810811,4.31081081081081
84,"Lorenzo Brown","PG",0.8,26,0,212,31,28,5,55,10.377358490566,5.28301886792453,0.943396226415094,5.84905660377358,8.15384615384615,2.11538461538462
85,"Jalen Brunson","PG",1.23,73,38,1591,169,230,4,678,17.0458830923947,5.78252671275927,0.100565681961031,4.24890006285355,21.7945205479452,9.28767123287671
86,"Thomas Bryant","C",1.378242,72,53,1496,454,92,67,758,20.2673796791444,2.45989304812834,1.79144385026738,12.1390374331551,20.7777777777778,10.5277777777778
87,"Reggie Bullock","SG",2.5,126,120,3758,346,258,24,1422,15.1357104843002,2.74614156466205,0.255455029270889,3.68281000532198,29.8253968253968,11.2857142857143
88,"Trey Burke","PG",1.795015,116,16,2250,198,318,14,1262,22.4355555555556,5.65333333333333,0.248888888888889,3.52,19.3965517241379,10.8793103448276
89,"Alec Burks","SG",11.536515,128,48,2750,470,256,42,1122,16.32,3.72363636363636,0.610909090909091,6.83636363636364,21.484375,8.765625
90,"Deonte Burton","SG",0.5,32,0,240,28,9,8,82,13.6666666666667,1.5,1.33333333333333,4.66666666666667,7.5,2.5625
91,"Jimmy Butler","SF",19.841627,55,55,1824,290,220,29,1002,21.9736842105263,4.82456140350877,0.635964912280702,6.35964912280702,33.1636363636364,18.2181818181818
91,"Jimmy Butler","SF-SG",19.841627,65,65,2185,342,263,39,1215,22.2425629290618,4.81464530892448,0.71395881006865,6.26086956521739,33.6153846153846,18.6923076923077
91,"Jimmy Butler","SG",19.841627,10,10,361,52,43,10,213,23.601108033241,4.76454293628809,1.10803324099723,5.7617728531856,36.1,21.3
92,"Bruno Caboclo","SF",0.705361,34,19,800,158,50,33,282,14.1,2.5,1.65,7.9,23.5294117647059,8.29411764705882
93,"Jose Calderon","PG",2.393887,49,0,632,60,115,3,113,7.15189873417722,7.27848101265823,0.189873417721519,3.79746835443038,12.8979591836735,2.30612244897959
94,"Kentavious Caldwell-Pope","SG",12,82,23,2035,238,110,13,938,18.4373464373464,2.16216216216216,0.255528255528256,4.67813267813268,24.8170731707317,11.4390243902439
95,"Isaiah Canaan","PG",0.744671,60,32,1258,116,168,4,362,11.510333863275,5.34181240063593,0.127186009538951,3.68839427662957,20.9666666666667,6.03333333333333
96,"Clint Capela","C",15.793104,67,67,2249,848,96,102,1114,19.8132503334815,1.70742552245442,1.81413961760783,15.0822587816807,33.5671641791045,16.6268656716418
97,"DeMarre Carroll","PF",15.4,67,8,1703,349,85,10,744,17.4750440399295,1.99647680563711,0.234879624192601,8.19729888432179,25.4179104477612,11.1044776119403
98,"Wendell Carter","C",4.44684,44,44,1110,307,78,58,455,16.3963963963964,2.81081081081081,2.09009009009009,11.0630630630631,25.2272727272727,10.3409090909091
99,"Vince Carter","PF",2.393887,76,9,1330,194,87,27,562,16.9022556390977,2.61654135338346,0.81203007518797,5.83458646616541,17.5,7.39473684210526
100,"Jevon Carter","PG",0.838464,39,3,577,66,69,11,172,11.9237435008665,4.78336221837088,0.762564991334489,4.57538994800693,14.7948717948718,4.41025641025641
101,"Michael Carter-Williams","PG",1.468082,56,2,744,140,140,30,268,14.4086021505376,7.52688172043011,1.61290322580645,7.52688172043011,13.2857142857143,4.78571428571429
102,"Alex Caruso","PG",0.07725,25,4,531,67,77,9,229,17.2504708097928,5.80037664783427,0.677966101694915,5.04708097928437,21.24,9.16
103,"Omri Casspi","SF",2.17626,36,0,520,115,26,9,226,17.3846153846154,2,0.692307692307692,8.84615384615385,14.4444444444444,6.27777777777778
104,"Willie Cauley-Stein","C",4.696874,81,81,2213,678,194,51,965,17.4423859014912,3.50655219159512,0.921825576140985,12.254857659286,27.320987654321,11.9135802469136
105,"Troy Caupain","PG",0.07725,4,0,16,3,4,0,10,25,10,0,7.5,4,2.5
106,"Tyler Cavanaugh","PF",0.07725,11,0,39,8,1,0,9,9.23076923076923,1.02564102564103,0,8.2051282051282,3.54545454545455,0.818181818181818
107,"Tyson Chandler","C",13.585,110,12,1750,614,74,46,346,7.90857142857143,1.69142857142857,1.05142857142857,14.0342857142857,15.9090909090909,3.14545454545455
108,"Wilson Chandler","PF",12.800562,36,32,951,168,72,18,241,10.136698212408,3.02839116719243,0.757097791798107,7.06624605678233,26.4166666666667,6.69444444444444
108,"Wilson Chandler","PF-SF",12.800562,51,33,1177,215,82,21,305,10.3653355989805,2.78674596431606,0.713678844519966,7.30671197960918,23.078431372549,5.98039215686274
108,"Wilson Chandler","SF",12.800562,15,1,226,47,10,3,64,11.3274336283186,1.76991150442478,0.530973451327434,8.31858407079646,15.0666666666667,4.26666666666667
109,"Joe Chealey","PG",0.07725,1,0,8,0,1,0,2,10,5,0,0,8,2
110,"Chris Chiozza","PG",0.137374,7,0,33,4,4,1,6,7.27272727272727,4.84848484848485,1.21212121212121,4.84848484848485,4.71428571428571,0.857142857142857
111,"Marquese Chriss","PF",3.20616,86,4,998,284,44,22,364,14.5891783567134,1.76352705410822,0.881763527054108,11.3827655310621,11.6046511627907,4.23255813953488
112,"Ian Clark","SG",1.757429,60,6,973,89,94,8,401,16.4850976361768,3.86433710174717,0.328879753340185,3.65878725590956,16.2166666666667,6.68333333333333
113,"Gary Clark","PF",0.674122,51,2,641,116,18,26,148,9.23556942277691,1.12324492979719,1.62246489859594,7.2386895475819,12.5686274509804,2.90196078431373
114,"Jordan Clarkson","SG",12.5,81,0,2214,270,196,13,1364,24.643179765131,3.54110207768744,0.23486901535682,4.8780487804878,27.3333333333333,16.8395061728395
115,"Zach Collins","C",3.62892,77,0,1356,324,71,66,512,15.1032448377581,2.09439528023599,1.94690265486726,9.55752212389381,17.6103896103896,6.64935064935065
116,"John Collins","PF",2.29908,61,59,1829,595,121,39,1188,25.981410606889,2.64625478403499,0.8529250956807,13.0125751776927,29.983606557377,19.4754098360656
117,"Darren Collison","PG",10,76,76,2143,232,459,9,853,15.9216052263182,8.56742883807746,0.167988800746617,4.33037797480168,28.1973684210526,11.2236842105263
118,"Bonzie Colson","SF",0.07725,8,2,98,30,3,1,39,15.9183673469388,1.22448979591837,0.408163265306122,12.2448979591837,12.25,4.875
119,"Mike Conley","PG",30.521115,70,70,2342,239,449,22,1478,25.2433817250214,7.66865926558497,0.375747224594364,4.08198121263877,33.4571428571429,21.1142857142857
120,"Pat Connaughton","SG",1.641,61,2,1261,258,122,25,421,13.3544805709754,3.86994448850119,0.793021411578113,8.18398096748612,20.672131147541,6.90163934426229
121,"Quinn Cook","PG",1.544951,74,10,1059,157,116,3,509,19.2256846081209,4.38149197355996,0.113314447592068,5.93012275731822,14.3108108108108,6.87837837837838
123,"DeMarcus Cousins","C",5.337,30,30,771,247,107,44,488,25.3177691309987,5.55123216601816,2.28274967574578,12.8145265888457,25.7,16.2666666666667
124,"Robert Covington","SF",10.464092,70,70,2406,386,92,94,930,15.4613466334165,1.52950955943475,1.56275976724855,6.41729010806317,34.3714285714286,13.2857142857143
125,"Allen Crabbe","SG",19.3325,43,20,1133,148,46,13,413,14.5807590467785,1.62400706090027,0.458958517210944,5.22506619593998,26.3488372093023,9.6046511627907
126,"Torrey Craig","SF",2,75,37,1503,263,72,46,430,11.4437791084498,1.91616766467066,1.22421823020625,6.99933466400532,20.04,5.73333333333333
127,"Jamal Crawford","SG",4.698113,64,0,1211,85,229,12,508,16.7795210569777,7.56399669694467,0.396366639141206,2.80759702725021,18.921875,7.9375
128,"Mitch Creek","SF",0.056845,10,0,96,24,12,0,42,17.5,5,0,10,9.6,4.2
130,"Jae Crowder","SF",7.305825,80,11,2166,384,133,31,951,17.5623268698061,2.45614035087719,0.572483841181902,7.09141274238227,27.075,11.8875
131,"Dante Cunningham","PF",2.487,64,21,928,188,50,13,194,8.36206896551724,2.1551724137931,0.560344827586207,8.10344827586207,14.5,3.03125
132,"Stephen Curry","PG",37.457154,69,69,2331,369,361,25,1881,32.2779922779923,6.19476619476619,0.429000429000429,6.33204633204633,33.7826086956522,27.2608695652174
133,"Seth Curry","SG",2.795,74,2,1399,120,66,12,581,16.6118656182988,1.88706218727663,0.343102215868477,3.43102215868478,18.9054054054054,7.85135135135135
134,"Troy Daniels","SG",3.258539,51,1,760,73,26,5,318,16.7368421052632,1.36842105263158,0.263157894736842,3.84210526315789,14.9019607843137,6.23529411764706
135,"Anthony Davis","C",25.434263,56,56,1850,672,218,135,1452,31.3945945945946,4.71351351351351,2.91891891891892,14.5297297297297,33.0357142857143,25.9285714285714
136,"Ed Davis","C",4.449,81,1,1446,694,61,33,472,13.0567081604426,1.68741355463347,0.912863070539419,19.1977869986169,17.8518518518519,5.82716049382716
137,"Deyonta Davis","C",1.741503,9,0,118,36,5,5,36,12.2033898305085,1.69491525423729,1.69491525423729,12.2033898305085,13.1111111111111,4
138,"Tyler Davis","C",0.07725,1,0,1,1,0,0,0,0,0,0,40,1,0
139,"Dewayne Dedmon","C",6.3,64,52,1609,480,90,71,693,17.2280919825979,2.23741454319453,1.76507147296457,11.9328775637042,25.140625,10.828125
140,"Sam Dekker","PF",2.760094,94,10,1576,296,92,14,574,14.5685279187817,2.33502538071066,0.355329949238579,7.51269035532995,16.7659574468085,6.1063829787234
141,"Angel Delgado","C",0.07725,2,0,15,4,0,0,3,8,0,0,10.6666666666667,7.5,1.5
142,"Matthew Dellavedova","PG",9.6075,96,0,1624,154,362,4,564,13.8916256157635,8.91625615763547,0.0985221674876847,3.79310344827586,16.9166666666667,5.875
144,"Luol Deng","SF",16.747954,22,2,392,73,18,8,157,16.0204081632653,1.83673469387755,0.816326530612245,7.44897959183674,17.8181818181818,7.13636363636364
145,"DeMar DeRozan","SG",27.739975,77,77,2688,462,475,36,1635,24.3303571428571,7.06845238095238,0.535714285714286,6.875,34.9090909090909,21.2337662337662
146,"Marcus Derrickson","PF",0.07725,11,0,67,13,1,1,46,27.4626865671642,0.597014925373134,0.597014925373134,7.76119402985075,6.09090909090909,4.18181818181818
147,"Cheick Diallo","PF",1.544951,64,1,896,332,33,33,387,17.2767857142857,1.47321428571429,1.47321428571429,14.8214285714286,14,6.046875
148,"Hamidou Diallo","SG",0.838464,51,3,526,97,17,10,190,14.4486692015209,1.29277566539924,0.760456273764259,7.37642585551331,10.3137254901961,3.72549019607843
149,"Gorgui Dieng","C",15.170787,76,2,1031,311,72,41,485,18.8166828322017,2.79340446168768,1.59068865179437,12.0659553831232,13.5657894736842,6.38157894736842
150,"Spencer Dinwiddie","PG",1.656092,68,4,1914,166,311,17,1143,23.8871473354232,6.49947753396029,0.355276907001045,3.46917450365726,28.1470588235294,16.8088235294118
151,"Donte DiVincenzo","SG",2.48436,27,0,411,65,31,6,131,12.7493917274939,3.01703163017032,0.583941605839416,6.32603406326034,15.2222222222222,4.85185185185185
152,"Luka Doncic","SG",6.56904,72,72,2318,563,429,25,1526,26.3330457290768,7.40293356341674,0.431406384814495,9.71527178602243,32.1944444444444,21.1944444444444
153,"Tyler Dorsey","SG",1.378242,96,22,1396,226,112,4,592,16.9627507163324,3.20916905444126,0.114613180515759,6.4756446991404,14.5416666666667,6.16666666666667
154,"Damyean Dotson","SG",1.378242,73,40,2004,262,135,10,779,15.5489021956088,2.69461077844311,0.199600798403194,5.22954091816367,27.4520547945205,10.6712328767123
155,"PJ Dozier","SG",0.07725,6,0,51,17,5,0,19,14.9019607843137,3.92156862745098,0,13.3333333333333,8.5,3.16666666666667
156,"Goran Dragic","PG",18.109175,36,22,991,111,174,5,494,19.9394550958628,7.02320887991927,0.201816347124117,4.4803229061554,27.5277777777778,13.7222222222222
157,"Andre Drummond","C",25.434262,79,79,2647,1232,112,138,1370,20.7026822818285,1.69248205515678,2.08537967510389,18.6173026067246,33.5063291139241,17.3417721518987
158,"Jared Dudley","PF",9.53,59,25,1220,155,83,16,287,9.40983606557377,2.72131147540984,0.524590163934426,5.08196721311475,20.6779661016949,4.86440677966102
159,"Kris Dunn","PG",4.221,46,44,1389,187,277,21,519,14.9460043196544,7.97696184305256,0.60475161987041,5.38516918646508,30.195652173913,11.2826086956522
160,"Kevin Durant","SF",30,78,78,2702,497,457,84,2027,30.0074019245004,6.76535899333827,1.24352331606218,7.35751295336788,34.6410256410256,25.9871794871795
161,"Trevon Duval","PG",0.07725,3,0,6,1,2,0,5,33.3333333333333,13.3333333333333,0,6.66666666666667,2,1.66666666666667
163,"Henry Ellenson","PF",2.199311,38,0,518,132,32,4,228,17.6061776061776,2.47104247104247,0.308880308880309,10.1930501930502,13.6315789473684,6
164,"Wayne Ellington","SG",8.653076,106,76,2594,214,144,12,1090,16.8080185042406,2.22050886661527,0.185042405551272,3.29992289899769,24.4716981132075,10.2830188679245
166,"Joel Embiid","C",25.46725,64,64,2154,871,234,122,1761,32.7019498607242,4.34540389972145,2.26555246053853,16.1745589600743,33.65625,27.515625
167,"James Ennis","SF",1.621415,116,54,2460,364,82,46,778,12.650406504065,1.33333333333333,0.747967479674797,5.91869918699187,21.2068965517241,6.70689655172414
168,"Drew Eubanks","PF",0.07725,23,0,113,34,7,5,41,14.5132743362832,2.47787610619469,1.76991150442478,12.0353982300885,4.91304347826087,1.78260869565217
169,"Tyreke Evans","SG",12.4,69,18,1402,201,166,18,706,20.1426533523538,4.73609129814551,0.513552068473609,5.73466476462197,20.3188405797101,10.231884057971
170,"Jacob Evans","SG",1.6464,30,1,204,25,23,3,40,7.84313725490196,4.50980392156863,0.588235294117647,4.90196078431372,6.8,1.33333333333333
171,"Jawun Evans","PG",1.455492,16,0,130,24,20,0,12,3.69230769230769,6.15384615384615,0,7.38461538461539,8.125,0.75
173,"Dante Exum","PG",10.6,42,1,664,68,110,5,288,17.3493975903614,6.62650602409639,0.301204819277108,4.09638554216867,15.8095238095238,6.85714285714286
174,"Kenneth Faried","C",14.242782,74,26,1456,500,40,46,768,21.0989010989011,1.0989010989011,1.26373626373626,13.7362637362637,19.6756756756757,10.3783783783784
175,"Derrick Favors","C",16.9,76,70,1766,560,89,106,897,20.317100792752,2.0158550396376,2.40090600226501,12.6840317100793,23.2368421052632,11.8026315789474
176,"Cristiano Felicio","C",8.47098,60,0,746,218,37,7,240,12.8686327077748,1.98391420911528,0.375335120643432,11.6890080428954,12.4333333333333,4
177,"Raymond Felton","PG",2.393887,33,0,379,34,52,6,142,14.9868073878628,5.48812664907652,0.633245382585752,3.58839050131926,11.4848484848485,4.3030303030303
178,"Terrance Ferguson","SG",2.11884,74,74,1931,141,72,16,513,10.6266183324702,1.49145520455722,0.331434489901605,2.9207664422579,26.0945945945946,6.93243243243243
179,"Yogi Ferrell","PG",3,71,3,1067,109,137,4,420,15.7450796626054,5.13589503280225,0.149953139643861,4.08622305529522,15.0281690140845,5.91549295774648
180,"Dorian Finney-Smith","SF",1.544951,81,26,1985,389,95,36,608,12.2518891687657,1.91435768261965,0.72544080604534,7.83879093198992,24.5061728395062,7.50617283950617
181,"Bryn Forbes","SG",3.125,82,81,2293,239,175,4,967,16.8687309201919,3.05276929786306,0.0697775839511557,4.16921064108155,27.9634146341463,11.7926829268293
182,"Evan Fournier","SG",17,81,81,2553,258,295,12,1226,19.2087739913827,4.62201331766549,0.188014101057579,4.04230317273796,31.5185185185185,15.1358024691358
183,"De'Aaron Fox","PG",5.47092,81,81,2546,304,590,45,1399,21.9795758051846,9.26944226237235,0.706991358994501,4.77611940298507,31.4320987654321,17.2716049382716
184,"Tim Frazier","PG",1.832107,118,38,2240,336,496,10,620,11.0714285714286,8.85714285714286,0.178571428571429,6,18.9830508474576,5.25423728813559
185,"Melvin Frazier","SG",1.05,10,0,44,5,1,0,15,13.6363636363636,0.909090909090909,0,4.54545454545454,4.4,1.5
187,"Jimmer Fredette","SG",0.198579,6,0,65,7,8,0,22,13.5384615384615,4.92307692307692,0,4.30769230769231,10.8333333333333,3.66666666666667
188,"Channing Frye","C",2.393887,36,6,341,52,20,5,129,15.1319648093842,2.34604105571848,0.586510263929619,6.09970674486804,9.47222222222222,3.58333333333333
189,"Markelle Fultz","SG",8.33988,19,15,427,70,59,5,155,14.519906323185,5.52693208430913,0.468384074941452,6.55737704918033,22.4736842105263,8.15789473684211
191,"Danilo Gallinari","SF",21.587579,68,68,2059,417,178,23,1346,26.1486158329286,3.45798931520155,0.446818844099077,8.10101991257892,30.2794117647059,19.7941176470588
192,"Langston Galloway","SG",7,80,4,1745,171,85,8,672,15.4040114613181,1.94842406876791,0.183381088825215,3.91977077363897,21.8125,8.4
193,"Billy Garrett","SG",0.06737,4,0,63,3,7,1,26,16.5079365079365,4.44444444444444,0.634920634920635,1.9047619047619,15.75,6.5
194,"Marc Gasol","C",24.119025,158,144,4872,1254,698,172,2142,17.5862068965517,5.73070607553366,1.41215106732348,10.2955665024631,30.8354430379747,13.5569620253165
195,"Pau Gasol","C",17.133285,60,12,720,274,104,30,236,13.1111111111111,5.77777777777778,1.66666666666667,15.2222222222222,12,3.93333333333333
196,"Rudy Gay","PF",10.0872,69,51,1842,470,182,34,946,20.542888165038,3.95222584147666,0.738327904451683,10.2062975027144,26.695652173913,13.7101449275362
197,"Paul George","SF",30.5607,77,77,2841,628,318,34,2159,30.3977472720873,4.47729672650475,0.478704681450194,8.84195705737416,36.8961038961039,28.038961038961
198,"Taj Gibson","PF",14,70,57,1686,458,84,39,753,17.864768683274,1.99288256227758,0.925266903914591,10.8659549228944,24.0857142857143,10.7571428571429
200,"Harry Giles","PF",2.20704,58,0,820,222,85,22,408,19.9024390243902,4.14634146341463,1.07317073170732,10.8292682926829,14.1379310344828,7.03448275862069
201,"Shai Gilgeous-Alexander","PG",3.37536,82,73,2174,232,270,45,889,16.3569457221711,4.96780128794848,0.827966881324747,4.26862925482981,26.5121951219512,10.8414634146341
203,"Rudy Gobert","C",23.491573,81,80,2577,1041,161,187,1284,19.930151338766,2.49902987970508,2.90259992239038,16.1583236321304,31.8148148148148,15.8518518518518
205,"Brandon Goodwin","PG",0.056845,16,0,57,3,14,0,23,16.140350877193,9.82456140350877,0,2.10526315789474,3.5625,1.4375
206,"Aaron Gordon","PF",21.590909,78,78,2633,574,289,56,1246,18.9289783516901,4.39042916824915,0.850740600075959,8.72009115077858,33.7564102564103,15.974358974359
207,"Eric Gordon","SG",13.500375,68,53,2158,148,129,27,1103,20.4448563484708,2.39110287303058,0.500463392029657,2.74328081556997,31.7352941176471,16.2205882352941
208,"Marcin Gortat","C",13.565218,47,43,751,261,65,24,233,12.410119840213,3.46205059920107,1.27829560585885,13.901464713715,15.9787234042553,4.95744680851064
209,"Treveon Graham","SG",1.512601,35,21,715,107,34,7,184,10.2937062937063,1.9020979020979,0.391608391608392,5.98601398601399,20.4285714285714,5.25714285714286
211,"Jerami Grant","PF",8.333333,80,77,2612,417,79,100,1090,16.6921898928024,1.20980091883614,1.53139356814701,6.38591117917305,32.65,13.625
212,"Jerian Grant","PG",2.639313,60,1,939,98,156,6,250,10.6496272630458,6.64536741214057,0.255591054313099,4.17465388711395,15.65,4.16666666666667
213,"Donte Grantham","SF",0.07725,3,0,2,0,0,0,0,0,0,0,0,0.666666666666667,0
214,"Draymond Green","PF",17.469565,66,66,2065,481,454,70,486,9.41404358353511,8.79418886198547,1.35593220338983,9.31719128329298,31.2878787878788,7.36363636363636
215,"Danny Green","SG",10,80,80,2216,317,126,53,821,14.8194945848375,2.27436823104693,0.956678700361011,5.72202166064982,27.7,10.2625
216,"JaMychal Green","PF",8.066667,130,12,2742,818,100,68,1222,17.8264040846098,1.45878920495988,0.991976659372721,11.9328956965718,21.0923076923077,9.4
217,"Jeff Green","PF",2.393887,77,44,2097,309,137,39,946,18.0448259418216,2.61325703385789,0.743919885550787,5.89413447782546,27.2337662337662,12.2857142857143
218,"Gerald Green","SG",1.512601,73,0,1473,182,40,27,675,18.3299389002037,1.08621860149355,0.733197556008147,4.94229463679565,20.1780821917808,9.24657534246575
219,"Blake Griffin","PF",31.873932,75,75,2622,565,402,28,1841,28.0854309687262,6.13272311212815,0.427154843630816,8.61937452326468,34.96,24.5466666666667
220,"Daniel Hamilton","SG",1.349383,19,3,204,47,22,1,57,11.1764705882353,4.31372549019608,0.196078431372549,9.2156862745098,10.7368421052632,3
222,"Dusty Hannahs","SG",0.04737,2,0,26,1,5,0,8,12.3076923076923,7.69230769230769,0,1.53846153846154,13,4
223,"Tim Hardaway","SG",17.325,130,126,4114,444,318,16,2348,22.8293631502188,3.09188138065143,0.155566358774915,4.31696645600389,31.6461538461538,18.0615384615385
224,"James Harden","PG",30.57,78,78,2867,518,586,58,2818,39.3163585629578,8.17579351238228,0.809208231600977,7.22706662016045,36.7564102564103,36.1282051282051
226,"Montrezl Harrell","C",6,82,5,2158,535,162,110,1361,25.227062094532,3.00278035217794,2.0389249304912,9.91658943466172,26.3170731707317,16.5975609756098
227,"Gary Harris","SG",16.517857,57,48,1639,160,127,19,737,17.9865771812081,3.09945088468578,0.463697376449054,3.90482001220256,28.7543859649123,12.9298245614035
228,"Tobias Harris","PF",14.8,164,164,5694,1290,458,74,3288,23.0979978925184,3.21742184755883,0.519845451352301,9.06217070600632,34.719512195122,20.0487804878049
229,"Joe Harris","SG",8.333333,76,76,2293,291,181,17,1041,18.1596162232883,3.1574356737898,0.296554731792412,5.07631923244658,30.1710526315789,13.6973684210526
230,"Devin Harris","PG",2.393887,68,2,1071,112,122,16,428,15.985060690943,4.55648926237162,0.597572362278245,4.18300653594771,15.75,6.29411764705882
231,"Shaquille Harrison","PG",1.325531,73,11,1430,222,139,30,474,13.2587412587413,3.88811188811189,0.839160839160839,6.20979020979021,19.5890410958904,6.49315068493151
232,"Andrew Harrison","PG",0.3545,34,0,374,40,48,4,108,11.5508021390374,5.13368983957219,0.427807486631016,4.27807486631016,11,3.17647058823529
233,"Josh Hart","SG",1.65516,67,22,1715,248,93,40,525,12.2448979591837,2.16909620991254,0.932944606413994,5.78425655976676,25.5970149253731,7.83582089552239
234,"Isaiah Hartenstein","PF",0.838464,28,0,221,47,15,12,53,9.59276018099547,2.71493212669683,2.17194570135747,8.50678733031674,7.89285714285714,1.89285714285714
235,"Udonis Haslem","C",2.393887,10,1,74,27,2,0,25,13.5135135135135,1.08108108108108,0,14.5945945945946,7.4,2.5
237,"Gordon Hayward","PF",31.214295,72,18,1863,322,244,23,825,17.7133655394525,5.23886205045625,0.493827160493827,6.91358024691358,25.875,11.4583333333333
238,"John Henson","C",10.577466,14,0,188,71,14,11,79,16.8085106382979,2.97872340425532,2.34042553191489,15.1063829787234,13.4285714285714,5.64285714285714
239,"Juan Hernangomez","PF",2.16636,70,25,1358,265,55,24,408,12.0176730486009,1.620029455081,0.706921944035346,7.80559646539028,19.4,5.82857142857143
240,"Willy Hernangomez","C",1.4965,58,3,812,311,60,20,421,20.7389162561576,2.95566502463054,0.985221674876847,15.320197044335,14,7.25862068965517
241,"Mario Hezonja","SF",6.5,58,24,1206,239,88,8,511,16.9485903814262,2.91873963515755,0.265339966832504,7.92703150912106,20.7931034482759,8.81034482758621
242,"Isaiah Hicks","PF",0.07725,3,0,32,7,2,3,12,15,2.5,3.75,8.75,10.6666666666667,4
244,"Buddy Hield","SG",3.83376,82,82,2615,412,205,33,1695,25.9273422562141,3.13575525812619,0.504780114722753,6.30210325047801,31.890243902439,20.6707317073171
245,"Haywood Highsmith","SF",0.07725,5,0,40,5,2,0,9,9,2,0,5,8,1.8
246,"George Hill","PG",19,120,26,2604,296,270,16,916,14.0706605222734,4.14746543778802,0.245775729646697,4.5468509984639,21.7,7.63333333333333
247,"Solomon Hill","SF",12.763467,44,15,878,133,55,10,191,8.70159453302961,2.50569476082005,0.455580865603645,6.05922551252847,19.9545454545455,4.34090909090909
248,"Jrue Holiday","SG",26.641111,67,67,2402,334,518,54,1420,23.646960865945,8.62614487926728,0.8992506244796,5.56203164029975,35.8507462686567,21.1940298507463
249,"Justin Holiday","SG",4.5,164,154,5214,646,292,72,1714,13.1492136555428,2.24012274645186,0.552359033371692,4.95588799386268,31.7926829268293,10.4512195121951
250,"Aaron Holiday","PG",1.91448,50,0,646,67,87,13,294,18.2043343653251,5.38699690402477,0.804953560371517,4.14860681114551,12.92,5.88
251,"John Holland","SF",0.07725,1,0,1,0,0,0,0,0,0,0,0,1,0
252,"Rondae Hollis-Jefferson","SF",2.470356,59,21,1234,310,96,27,527,17.0826580226904,3.11183144246353,0.875202593192869,10.0486223662885,20.9152542372881,8.93220338983051
253,"Richaun Holmes","C",1.60052,70,4,1184,331,60,79,572,19.3243243243243,2.02702702702703,2.66891891891892,11.1824324324324,16.9142857142857,8.17142857142857
254,"Rodney Hood","SG",3.472887,144,98,3786,314,252,24,1610,17.0100369783413,2.66244057052298,0.253565768621236,3.31748547279451,26.2916666666667,11.1805555555556
256,"Al Horford","C",28.92871,68,68,1973,458,283,86,925,18.7531677648251,5.73745565129245,1.74353775975672,9.28535225544856,29.0147058823529,13.6029411764706
257,"Danuel House","SF",0.247827,39,13,979,140,40,11,366,14.9540347293156,1.63432073544433,0.449438202247191,5.72012257405516,25.1025641025641,9.38461538461539
258,"Dwight Howard","C",24.256725,9,9,230,83,4,4,115,20,0.695652173913043,0.695652173913043,14.4347826086957,25.5555555555556,12.7777777777778
259,"Kevin Huerter","SG",2.25096,75,59,2048,245,214,25,727,14.19921875,4.1796875,0.48828125,4.78515625,27.3066666666667,9.69333333333334
260,"Isaac Humphries","C",0.04737,5,1,56,11,0,0,15,10.7142857142857,0,0,7.85714285714286,11.2,3
261,"RJ Hunter","SG",0.07725,1,0,26,3,3,0,17,26.1538461538462,4.61538461538462,0,4.61538461538462,26,17
262,"Chandler Hutchison","SF",1.99152,44,14,895,185,34,6,229,10.2346368715084,1.5195530726257,0.268156424581006,8.26815642458101,20.3409090909091,5.20454545454546
263,"Serge Ibaka","C",21.666667,74,51,2010,601,99,103,1112,22.1293532338308,1.97014925373134,2.04975124378109,11.9601990049751,27.1621621621622,15.027027027027
264,"Andre Iguodala","SF",16,68,13,1578,252,216,51,389,9.86058301647655,5.47528517110266,1.29277566539924,6.38783269961977,23.2058823529412,5.72058823529412
265,"Ersan Ilyasova","PF",7,67,7,1231,302,52,20,453,14.7197400487409,1.68968318440292,0.649878147847279,9.81316003249391,18.3731343283582,6.76119402985075
266,"Joe Ingles","PF",12.545455,82,82,2568,330,469,20,994,15.4828660436137,7.30529595015576,0.311526479750779,5.14018691588785,31.3170731707317,12.1219512195122
267,"Brandon Ingram","SF",5.75712,52,52,1760,267,154,31,950,21.5909090909091,3.5,0.704545454545454,6.06818181818182,33.8461538461538,18.2692307692308
268,"Andre Ingram","SG",0.076236,4,0,15,2,0,0,0,0,0,0,5.33333333333333,3.75,0
269,"Kyrie Irving","PG",20.099189,67,67,2214,335,464,34,1596,28.8346883468835,8.38301716350497,0.614272809394761,6.05239385727191,33.044776119403,23.8208955223881
270,"Jonathan Isaac","PF",4.96908,75,64,1996,411,80,98,720,14.4288577154309,1.60320641282565,1.96392785571142,8.23647294589178,26.6133333333333,9.6
271,"Wesley Iwundu","SF",1.378242,68,13,1233,184,73,22,339,10.9975669099757,2.36820762368208,0.713706407137064,5.96918085969181,18.1323529411765,4.98529411764706
272,"Reggie Jackson","PG",17.043478,82,82,2289,216,344,9,1260,22.0183486238532,6.01135867190913,0.157273918741809,3.77457404980341,27.9146341463415,15.3658536585366
273,"Josh Jackson","SG",6.04152,79,29,1988,347,183,56,910,18.3098591549296,3.68209255533199,1.12676056338028,6.98189134808853,25.1645569620253,11.5189873417722
274,"Jaren Jackson","PF",5.92272,58,56,1515,272,64,82,798,21.0693069306931,1.68976897689769,2.16501650165017,7.18151815181518,26.1206896551724,13.7586206896552
275,"Justin Jackson","SF",2.80788,162,28,3228,424,192,28,1166,14.4485749690211,2.37918215613383,0.346964064436183,5.25402726146221,19.9259259259259,7.19753086419753
276,"Frank Jackson","PG",1.378242,61,16,1169,134,69,2,495,16.9375534644996,2.36099230111206,0.0684345594525235,4.58511548331908,19.1639344262295,8.11475409836066
277,"Demetrius Jackson","PG",0.170107,6,0,39,3,5,0,22,22.5641025641026,5.12820512820513,0,3.07692307692308,6.5,3.66666666666667
278,"LeBron James","SF",35.65415,55,55,1937,465,454,33,1505,31.078988125968,9.37532266391327,0.681466184821889,9.6024780588539,35.2181818181818,27.3636363636364
280,"Amile Jefferson","PF",0.07725,12,0,68,21,3,3,27,15.8823529411765,1.76470588235294,1.76470588235294,12.3529411764706,5.66666666666667,2.25
281,"John Jenkins","SG",0.585809,52,0,666,74,44,4,242,14.5345345345345,2.64264264264264,0.24024024024024,4.44444444444444,12.8076923076923,4.65384615384616
282,"Jonas Jerebko","PF",2.165481,73,6,1218,288,96,18,459,15.0738916256158,3.15270935960591,0.591133004926108,9.45812807881773,16.6849315068493,6.28767123287671
283,"Tyler Johnson","PG",19.24537,114,44,3058,346,332,54,1238,16.1935905820798,4.34270765206017,0.706344015696534,4.52583387835186,26.8245614035088,10.859649122807
284,"James Johnson","PF",14.4207,55,33,1164,176,135,27,428,14.7079037800687,4.63917525773196,0.927835051546392,6.04810996563574,21.1636363636364,7.78181818181818
285,"Wesley Johnson","SF",6.134,76,26,1068,144,46,24,256,9.58801498127341,1.72284644194757,0.898876404494382,5.39325842696629,14.0526315789474,3.36842105263158
286,"Stanley Johnson","SF",3.940401,132,14,2416,434,176,28,908,15.0331125827815,2.91390728476821,0.463576158940397,7.18543046357616,18.3030303030303,6.87878787878788
287,"Amir Johnson","C",2.393887,51,6,529,147,60,13,201,15.1984877126654,4.53686200378072,0.982986767485822,11.1153119092628,10.3725490196078,3.94117647058824
289,"Alize Johnson","PF",0.838464,14,0,64,19,1,3,13,8.125,0.625,1.875,11.875,4.57142857142857,0.928571428571428
290,"BJ Johnson","SF",0.142111,14,0,98,16,0,0,46,18.7755102040816,0,0,6.53061224489796,7,3.28571428571429
291,"Nikola Jokic","C",25.46725,80,80,2504,865,580,55,1604,25.6230031948882,9.26517571884984,0.878594249201278,13.8178913738019,31.3,20.05
292,"Tyus Jones","PG",2.444052,68,23,1560,134,327,5,468,12,8.38461538461539,0.128205128205128,3.43589743589744,22.9411764705882,6.88235294117647
293,"Damian Jones","C",1.544951,24,22,410,75,28,25,130,12.6829268292683,2.73170731707317,2.4390243902439,7.31707317073171,17.0833333333333,5.41666666666667
294,"Derrick Jones","SF",1.512601,60,14,1153,240,37,42,422,14.6400693842151,1.28360797918474,1.4570685169124,8.32610581092801,19.2166666666667,7.03333333333333
295,"Terrence Jones","PF",0.198579,2,0,5,4,0,0,2,16,0,0,32,2.5,1
296,"Jalen Jones","SF",0.07725,16,0,214,34,7,2,81,15.1401869158878,1.30841121495327,0.373831775700935,6.35514018691589,13.375,5.0625
297,"Jemerrio Jones","SF",0.05217,6,2,143,49,13,5,27,7.55244755244755,3.63636363636364,1.3986013986014,13.7062937062937,23.8333333333333,4.5
298,"DeAndre Jordan","C",22.8972,138,138,4094,1804,312,146,1516,14.8119198827553,3.04836345872008,1.42647777234978,17.6257938446507,29.6666666666667,10.9855072463768
299,"Cory Joseph","PG",7.945,82,9,2063,279,321,22,537,10.4120213281629,6.22394571013088,0.426563257392147,5.40959767329132,25.1585365853659,6.54878048780488
301,"Frank Kaminsky","C",3.627842,47,0,755,163,63,12,405,21.4569536423841,3.33774834437086,0.635761589403974,8.63576158940397,16.063829787234,8.61702127659574
302,"Enes Kanter","C",19.264603,134,62,3280,1318,232,52,1830,22.3170731707317,2.82926829268293,0.634146341463415,16.0731707317073,24.4776119402985,13.6567164179104
303,"Luke Kennard","SG",3.27528,63,10,1437,183,114,10,613,17.0633263743911,3.17327766179541,0.278357689631176,5.09394572025052,22.8095238095238,9.73015873015873
304,"Michael Kidd-Gilchrist","PF",13,64,3,1179,246,61,39,427,14.4868532654792,2.06955046649703,1.32315521628499,8.34605597964377,18.421875,6.671875
305,"George King","SF",0.07725,1,0,6,1,0,0,0,0,0,0,6.66666666666667,6,0
306,"Maxi Kleber","PF",1.378242,71,18,1502,329,70,78,485,12.9161118508655,1.8641810918775,2.07723035952064,8.76165113182423,21.1549295774648,6.83098591549296
307,"Brandon Knight","PG",14.63125,78,52,1472,118,142,4,532,14.4565217391304,3.85869565217391,0.108695652173913,3.20652173913043,18.8717948717949,6.82051282051282
308,"Kevin Knox","PF",3.74484,75,57,2158,335,82,24,963,17.8498609823911,1.51992585727525,0.444856348470806,6.20945319740501,28.7733333333333,12.84
309,"Furkan Korkmaz","SG",1.74,48,7,679,107,52,2,279,16.4359351988218,3.06332842415317,0.117820324005891,6.30338733431517,14.1458333333333,5.8125
310,"Luke Kornet","PF",1.61926,46,18,784,135,54,42,322,16.4285714285714,2.75510204081633,2.14285714285714,6.88775510204082,17.0434782608696,7
311,"Kyle Korver","PF",7.56,16,0,251,29,17,2,108,17.2111553784861,2.70916334661355,0.318725099601594,4.62151394422311,15.6875,6.75
311,"Kyle Korver","SG",7.56,54,0,1083,133,64,10,492,18.1717451523546,2.36380424746076,0.369344413665743,4.91228070175439,20.0555555555556,9.11111111111111
311,"Kyle Korver","SG-PF",7.56,70,0,1334,162,81,12,600,17.9910044977511,2.4287856071964,0.359820089955022,4.8575712143928,19.0571428571429,8.57142857142857
312,"Kosta Koufos","C",8.7395,42,1,502,177,36,18,156,12.4302788844622,2.86852589641434,1.43426294820717,14.1035856573705,11.952380952381,3.71428571428571
313,"Rodions Kurucs","SF",1.69,63,46,1294,246,52,25,534,16.5069551777434,1.60741885625966,0.772797527047913,7.60432766615147,20.5396825396825,8.47619047619048
314,"Kyle Kuzma","PF",1.68984,70,68,2314,382,178,26,1308,22.6101987899741,3.07692307692308,0.449438202247191,6.60328435609335,33.0571428571429,18.6857142857143
315,"Skal Labissiere","PF",1.544951,44,2,352,86,22,12,134,15.2272727272727,2.5,1.36363636363636,9.77272727272727,8,3.04545454545455
316,"Jeremy Lamb","SG",7,79,55,2250,434,172,32,1208,21.4755555555556,3.05777777777778,0.568888888888889,7.71555555555556,28.4810126582278,15.2911392405063
317,"Zach LaVine","SG",19.5,63,62,2171,294,283,26,1492,27.4896361123906,5.2141870105942,0.479041916167665,5.41685859051129,34.4603174603175,23.6825396825397
318,"Jake Layman","SF",1.544951,71,33,1327,217,53,30,541,16.3074604370761,1.59758854559156,0.904295403165034,6.54107008289374,18.6901408450704,7.61971830985915
319,"TJ Leaf","PF",2.40756,58,1,522,125,24,19,225,17.2413793103448,1.83908045977011,1.45593869731801,9.57854406130268,9,3.87931034482759
320,"Courtney Lee","SG",12.25378,68,12,856,108,74,6,272,12.7102803738318,3.45794392523364,0.280373831775701,5.04672897196262,12.5882352941176,4
321,"Damion Lee","SG",0.07725,32,0,375,64,13,0,158,16.8533333333333,1.38666666666667,0,6.82666666666667,11.71875,4.9375
323,"Alex Len","C",4.35,77,31,1544,424,86,69,854,22.1243523316062,2.2279792746114,1.78756476683938,10.9844559585492,20.0519480519481,11.0909090909091
324,"Kawhi Leonard","SF",23.114066,60,60,2040,439,199,24,1596,31.2941176470588,3.90196078431373,0.470588235294118,8.6078431372549,34,26.6
325,"Meyers Leonard","C",10.595506,61,2,878,233,75,9,357,16.2642369020501,3.41685649202733,0.41002277904328,10.6150341685649,14.3934426229508,5.85245901639344
326,"Jon Leuer","PF",10.002681,41,1,402,97,14,4,156,15.5223880597015,1.39303482587065,0.398009950248756,9.65174129353234,9.80487804878049,3.80487804878049
327,"Caris LeVert","SF",1.7028,40,25,1063,151,156,14,547,20.5832549388523,5.87017873941674,0.526810912511759,5.68203198494826,26.575,13.675
328,"Damian Lillard","PG",27.977689,80,80,2838,371,551,34,2067,29.1331923890063,7.76603241719521,0.479210711768851,5.22903453136011,35.475,25.8375
329,"Jeremy Lin","PG",12.516746,148,8,2872,358,462,26,1414,19.6935933147632,6.43454038997215,0.362116991643454,4.98607242339833,19.4054054054054,9.55405405405405
330,"Shaun Livingston","PG",8.307692,64,0,967,117,114,27,258,10.6721820062048,4.71561530506722,1.11685625646329,4.83971044467425,15.109375,4.03125
331,"Zach Lofton","SG",0.07725,1,0,4,0,0,0,0,0,0,0,0,4,0
333,"Kevon Looney","C",1.567007,80,24,1481,417,123,53,500,13.5043889264011,3.32207967589467,1.43146522619851,11.2626603646185,18.5125,6.25
334,"Robin Lopez","C",14.35775,74,36,1606,286,89,78,704,17.5342465753425,2.21668742216687,1.94271481942715,7.12328767123288,21.7027027027027,9.51351351351351
335,"Brook Lopez","C",3.382,81,81,2322,396,98,179,1009,17.3815676141258,1.68819982773471,3.08354866494401,6.82170542635659,28.6666666666667,12.4567901234568
336,"Kevin Love","PF",24.119025,22,21,598,239,48,5,374,25.0167224080268,3.21070234113712,0.334448160535117,15.9866220735786,27.1818181818182,17
337,"Kyle Lowry","PG",32.7,65,65,2213,312,564,31,926,16.7374604609128,10.1943063714415,0.560325350203344,5.6394035246272,34.0461538461538,14.2461538461538
338,"Jordan Loyd","PG",0.07725,12,0,55,9,6,0,29,21.0909090909091,4.36363636363636,0,6.54545454545454,4.58333333333333,2.41666666666667
339,"Kalin Lucas","PG",0.648008,1,0,6,3,1,0,2,13.3333333333333,6.66666666666667,0,20,6,2
341,"Tyler Lydon","PF",1.87464,25,0,94,18,6,0,23,9.78723404255319,2.5531914893617,0,7.65957446808511,3.76,0.92
342,"Trey Lyles","PF",3.364249,64,2,1120,246,87,23,546,19.5,3.10714285714286,0.821428571428571,8.78571428571428,17.5,8.53125
343,"Scott Machado","PG",0.076236,4,0,19,0,3,0,10,21.0526315789474,6.31578947368421,0,0,4.75,2.5
344,"Shelvin Mack","PG",2.512601,114,6,2492,208,366,8,860,13.8041733547352,5.87479935794542,0.128410914927769,3.33868378812199,21.859649122807,7.54385964912281
345,"Daryl Macon","SG",0.07725,8,0,90,12,7,0,29,12.8888888888889,3.11111111111111,0,5.33333333333333,11.25,3.625
346,"JP Macura","SG",0.07725,2,0,17,3,2,0,6,14.1176470588235,4.70588235294118,0,7.05882352941177,8.5,3
347,"Ian Mahinmi","C",16,34,6,498,128,25,16,139,11.1646586345382,2.00803212851406,1.285140562249,10.281124497992,14.6470588235294,4.08823529411765
348,"Thon Maker","C",2.79972,35,0,409,96,18,18,164,16.039119804401,1.76039119804401,1.76039119804401,9.38875305623472,11.6857142857143,4.68571428571429
348,"Thon Maker","C-PF",2.79972,64,5,972,202,45,51,323,13.2921810699588,1.85185185185185,2.09876543209877,8.31275720164609,15.1875,5.046875
348,"Thon Maker","PF",2.79972,29,5,563,106,27,33,159,11.2966252220249,1.91829484902309,2.34458259325044,7.53108348134991,19.4137931034483,5.48275862068966
349,"Boban Marjanovic","C",9.49074,116,24,1362,530,108,54,844,24.7870778267254,3.17180616740088,1.58590308370044,15.5653450807636,11.7413793103448,7.27586206896552
350,"Lauri Markkanen","PF",4.53612,52,51,1682,470,75,33,974,23.1629013079667,1.78359096313912,0.784780023781213,11.1771700356718,32.3461538461538,18.7307692307692
351,"Jarell Martin","PF",2.416221,42,1,328,73,18,8,115,14.0243902439024,2.19512195121951,0.975609756097561,8.90243902439024,7.80952380952381,2.73809523809524
352,"Frank Mason","PG",1.378242,38,0,435,43,84,4,195,17.9310344827586,7.72413793103448,0.367816091954023,3.95402298850575,11.4473684210526,5.13157894736842
353,"Yante Maten","PF",0.385,2,0,13,3,0,0,2,6.15384615384615,0,0,9.23076923076923,6.5,1
354,"Wesley Matthews","SF",19.360228,44,44,1312,102,100,12,575,17.530487804878,3.04878048780488,0.365853658536585,3.10975609756098,29.8181818181818,13.0681818181818
354,"Wesley Matthews","SF-SG",19.360228,69,68,2091,170,160,17,840,16.0688665710187,3.06073648971784,0.32520325203252,3.2520325203252,30.304347826087,12.1739130434783
354,"Wesley Matthews","SG",19.360228,25,24,779,68,60,5,265,13.607188703466,3.0808729139923,0.256739409499358,3.49165596919127,31.16,10.6
356,"Tahjere McCall","SG",0.04737,1,0,8,1,0,0,4,20,0,0,5,8,4
357,"Patrick McCaw","SG",0.964104,58,2,794,96,58,4,148,7.455919395466,2.92191435768262,0.201511335012594,4.83627204030227,13.6896551724138,2.55172413793103
358,"CJ McCollum","SG",25.759766,70,70,2375,282,207,28,1468,24.7242105263158,3.48631578947368,0.471578947368421,4.74947368421053,33.9285714285714,20.9714285714286
359,"TJ McConnell","PG",1.60052,76,3,1470,174,258,17,483,13.1428571428571,7.02040816326531,0.462585034013605,4.73469387755102,19.3421052631579,6.35526315789474
360,"Doug McDermott","SF",7.333334,77,1,1340,109,67,8,564,16.8358208955224,2,0.238805970149254,3.25373134328358,17.4025974025974,7.32467532467532
361,"JaVale McGee","C",2.393887,75,62,1671,566,52,148,897,21.4721723518851,1.24476361460203,3.54278874925194,13.5487731897068,22.28,11.96
362,"Rodney McGruder","SG",1.544951,66,45,1550,238,112,12,503,12.9806451612903,2.89032258064516,0.309677419354839,6.14193548387097,23.4848484848485,7.62121212121212
363,"Alfonzo McKinnie","SF",1.349383,72,5,1003,247,31,15,337,13.4396809571286,1.23629112662014,0.598205383848455,9.85044865403789,13.9305555555556,4.68055555555556
364,"Ben McLemore","SG",5.46,19,0,158,17,4,3,75,18.9873417721519,1.0126582278481,0.759493670886076,4.30379746835443,8.31578947368421,3.94736842105263
365,"Jordan McRae","SG",0.07725,27,0,333,40,30,7,160,19.2192192192192,3.6036036036036,0.840840840840841,4.8048048048048,12.3333333333333,5.92592592592593
366,"Jodie Meeks","SG",3.774176,8,0,104,12,8,1,51,19.6153846153846,3.07692307692308,0.384615384615385,4.61538461538462,13,6.375
367,"Salah Mejri","C",2.098196,36,4,399,131,35,26,141,14.1353383458647,3.50877192982456,2.60651629072682,13.1328320802005,11.0833333333333,3.91666666666667
368,"De'Anthony Melton","PG",0.949,50,31,984,134,159,23,250,10.1626016260163,6.46341463414634,0.934959349593496,5.44715447154472,19.68,5
369,"Chimezie Metu","PF",0.838464,29,0,145,36,13,2,51,14.0689655172414,3.58620689655172,0.551724137931034,9.93103448275862,5,1.75862068965517
370,"Khris Middleton","SF",13,77,77,2393,461,331,7,1407,23.5185959047221,5.53280401170079,0.117007939824488,7.70580860844129,31.0779220779221,18.2727272727273
371,"CJ Miles","SF",8.333333,106,2,1712,190,72,30,678,15.8411214953271,1.68224299065421,0.700934579439252,4.4392523364486,16.1509433962264,6.39622641509434
372,"Darius Miller","SF",2.205,69,15,1757,128,146,23,567,12.9083665338645,3.32384746727376,0.523619806488332,2.91405805350028,25.463768115942,8.21739130434783
373,"Malcolm Miller","SF",0.457418,10,0,67,5,1,1,35,20.8955223880597,0.597014925373134,0.597014925373134,2.98507462686567,6.7,3.5
375,"Paul Millsap","PF",29.230769,70,65,1895,505,141,54,883,18.6385224274406,2.97625329815303,1.13984168865435,10.6596306068602,27.0714285714286,12.6142857142857
376,"Shake Milton","SG",0.07725,20,0,268,35,18,8,87,12.9850746268657,2.6865671641791,1.19402985074627,5.22388059701492,13.4,4.35
377,"Nikola Mirotic","PF",12.5,92,50,2490,678,110,68,1394,22.3935742971888,1.76706827309237,1.09236947791165,10.8915662650602,27.0652173913043,15.1521739130435
378,"Donovan Mitchell","SG",3.11148,77,77,2598,316,322,31,1829,28.1601231716705,4.9576597382602,0.477290223248653,4.86528098537336,33.7402597402597,23.7532467532467
379,"Malik Monk","SG",3.44748,73,0,1258,137,117,19,653,20.7631160572337,3.72019077901431,0.604133545310016,4.35612082670906,17.2328767123288,8.94520547945206
380,"Greg Monroe","C",2.410167,86,4,960,344,48,16,460,19.1666666666667,2,0.666666666666667,14.3333333333333,11.1627906976744,5.34883720930233
381,"E'Twaun Moore","SG",8.808685,53,36,1463,127,102,8,633,17.3069036226931,2.78879015721121,0.218728639781271,3.47231715652768,27.6037735849057,11.9433962264151
383,"Eric Moreland","PF",0.309859,10,0,86,40,8,2,14,6.51162790697675,3.72093023255814,0.930232558139535,18.6046511627907,8.6,1.4
384,"Markieff Morris","PF",9.173294,116,32,2540,530,158,44,1094,17.2283464566929,2.48818897637795,0.692913385826772,8.34645669291339,21.8965517241379,9.43103448275862
385,"Marcus Morris","PF",5.375,75,53,2091,458,109,25,1046,20.0095648015304,2.08512673362028,0.478240076518412,8.76135820181731,27.88,13.9466666666667
386,"Monte Morris","PG",1.349383,82,6,1970,194,297,4,851,17.2791878172589,6.03045685279188,0.0812182741116751,3.93908629441624,24.0243902439024,10.3780487804878
387,"Jaylen Morris","SG",0.07725,4,0,29,5,4,0,10,13.7931034482759,5.51724137931035,0,6.89655172413793,7.25,2.5
388,"Donatas Motiejunas","PF",0.099289,3,0,13,3,1,1,6,18.4615384615385,3.07692307692308,3.07692307692308,9.23076923076923,4.33333333333333,2
389,"Johnathan Motley","PF",0.07725,22,0,156,51,11,3,102,26.1538461538462,2.82051282051282,0.769230769230769,13.0769230769231,7.09090909090909,4.63636363636364
391,"Emmanuel Mudiay","PG",4.294479,59,42,1607,196,228,19,873,21.7299315494711,5.67517112632234,0.472930927193528,4.87865588052271,27.2372881355932,14.7966101694915
392,"Jamal Murray","PG",3.4998,75,74,2447,317,363,27,1367,22.3457294646506,5.93379648549244,0.441356763383735,5.18185533306089,32.6266666666667,18.2266666666667
394,"Dzanan Musa","SG",1.6344,9,0,39,5,2,0,19,19.4871794871795,2.05128205128205,0,5.12820512820513,4.33333333333333,2.11111111111111
395,"Mike Muscala","PF",5,128,20,2612,488,152,76,898,13.7519142419602,2.32771822358346,1.16385911179173,7.47320061255743,20.40625,7.015625
396,"Sviatoslav Mykhailiuk","SF",1.487694,84,0,880,72,74,2,266,12.0909090909091,3.36363636363636,0.0909090909090909,3.27272727272727,10.4761904761905,3.16666666666667
397,"Abdel Nader","SF",1.378242,61,1,694,116,20,12,241,13.8904899135447,1.15273775216138,0.69164265129683,6.68587896253602,11.3770491803279,3.95081967213115
398,"Larry Nance","C",2.27239,67,30,1795,552,214,40,627,13.9721448467967,4.76880222841226,0.891364902506964,12.3008356545961,26.7910447761194,9.35820895522388
399,"Shabazz Napier","PG",1.942422,56,2,983,100,143,16,529,21.5259409969481,5.81892166836216,0.651068158697864,4.06917599186165,17.5535714285714,9.44642857142857
400,"Raul Neto","PG",2.1,37,1,474,62,93,4,196,16.5400843881857,7.84810126582278,0.337552742616034,5.23206751054852,12.8108108108108,5.2972972972973
401,"Georges Niang","PF",1.512601,59,0,516,87,35,6,235,18.2170542635659,2.71317829457364,0.465116279069767,6.74418604651163,8.74576271186441,3.98305084745763
403,"Joakim Noah","C",20.261172,42,1,693,238,89,31,298,17.2005772005772,5.13708513708514,1.78932178932179,13.7373737373737,16.5,7.09523809523809
404,"Nerlens Noel","C",1.757429,77,2,1055,325,45,96,378,14.3317535545024,1.70616113744076,3.63981042654028,12.3222748815166,13.7012987012987,4.90909090909091
405,"Dirk Nowitzki","PF",5,51,20,795,158,35,18,373,18.7672955974843,1.76100628930818,0.90566037735849,7.94968553459119,15.5882352941176,7.31372549019608
406,"Frank Ntilikina","PG",4.15572,43,16,904,87,121,14,246,10.8849557522124,5.35398230088496,0.619469026548673,3.84955752212389,21.0232558139535,5.72093023255814
408,"James Nunnally","SF",0.663255,30,0,204,10,14,0,72,14.1176470588235,2.74509803921569,0,1.96078431372549,6.8,2.4
409,"Jusuf Nurkic","C",11.111111,72,72,1974,748,233,103,1125,22.7963525835866,4.72137791286727,2.0871327254306,15.1570415400203,27.4166666666667,15.625
410,"David Nwaba","SG",1.512601,51,14,984,163,54,17,334,13.5772357723577,2.19512195121951,0.691056910569106,6.6260162601626,19.2941176470588,6.54901960784314
411,"Royce O'Neale","SF",1.378242,82,16,1671,285,124,24,426,10.197486535009,2.96828246558947,0.574506283662478,6.82226211849192,20.3780487804878,5.19512195121951
412,"Kyle O'Quinn","C",4.449,45,3,371,119,56,25,156,16.8194070080863,6.0377358490566,2.69541778975741,12.8301886792453,8.24444444444444,3.46666666666667
413,"Semi Ojeleye","PF",1.378242,56,3,594,86,23,4,186,12.5252525252525,1.54882154882155,0.269360269360269,5.79124579124579,10.6071428571429,3.32142857142857
414,"Jahlil Okafor","C",1.567007,59,24,935,278,40,40,484,20.7058823529412,1.71122994652406,1.71122994652406,11.8930481283422,15.8474576271186,8.20338983050848
415,"Elie Okobo","PG",1.238464,53,16,958,98,127,7,304,12.6931106471816,5.3027139874739,0.292275574112735,4.09185803757829,18.0754716981132,5.73584905660377
416,"Josh Okogie","SG",2.1636,74,52,1757,218,91,33,570,12.9766647694935,2.07171314741036,0.751280591918042,4.96300512236767,23.7432432432432,7.7027027027027
417,"Victor Oladipo","SG",21,36,36,1147,202,186,11,675,23.539668700959,6.48648648648649,0.38360941586748,7.04446381865737,31.8611111111111,18.75
418,"Kelly Olynyk","PF",13.537527,79,36,1812,375,140,37,787,17.3730684326711,3.09050772626932,0.816777041942605,8.27814569536424,22.9367088607595,9.9620253164557
419,"Cedi Osman","SF",2.775,76,75,2444,357,195,11,991,16.2193126022913,3.19148936170213,0.180032733224223,5.84288052373159,32.1578947368421,13.0394736842105
420,"Kelly Oubre","SF",3.20863,138,38,3870,650,168,118,2094,21.6434108527132,1.73643410852713,1.21963824289406,6.71834625322997,28.0434782608696,15.1739130434783
421,"Zaza Pachulia","C",2.393887,68,3,878,265,91,17,267,12.1640091116173,4.14578587699317,0.774487471526196,12.0728929384966,12.9117647058824,3.92647058823529
423,"Jabari Parker","PF",20,128,34,3448,842,304,60,1860,21.5777262180974,3.52668213457077,0.696055684454756,9.76798143851508,26.9375,14.53125
424,"Tony Parker","PG",5,56,0,1003,83,207,7,530,21.1365902293121,8.25523429710868,0.279162512462612,3.31006979062812,17.9107142857143,9.46428571428571
425,"Chandler Parsons","SF",24.107258,25,3,496,70,43,5,187,15.0806451612903,3.46774193548387,0.403225806451613,5.64516129032258,19.84,7.48
426,"Patrick Patterson","PF",5.4516,63,5,861,147,31,13,229,10.6387921022067,1.44018583042973,0.603948896631823,6.82926829268293,13.6666666666667,3.63492063492063
427,"Justin Patton","C",2.6676,3,0,21,6,3,0,5,9.52380952380952,5.71428571428571,0,11.4285714285714,7,1.66666666666667
428,"Chris Paul","PG",35.65415,58,58,1857,265,473,18,906,19.5153473344103,10.1884760366182,0.387722132471729,5.70813139472267,32.0172413793103,15.6206896551724
429,"Cameron Payne","PG",3.440356,80,26,1424,144,212,18,500,14.0449438202247,5.95505617977528,0.50561797752809,4.04494382022472,17.8,6.25
430,"Elfrid Payton","PG",3,42,42,1250,220,320,17,446,14.272,10.24,0.544,7.04,29.7619047619048,10.6190476190476
431,"Gary Payton","PG",0.085457,3,0,16,2,4,1,11,27.5,10,2.5,5,5.33333333333333,3.66666666666667
433,"Theo Pinson","SG",0.07725,18,0,211,36,21,0,81,15.3554502369668,3.98104265402844,0,6.82464454976303,11.7222222222222,4.5
434,"Mason Plumlee","C",12.917808,82,17,1731,524,243,76,637,14.7198151357597,5.61525129982669,1.75621028307337,12.1086077411901,21.109756097561,7.76829268292683
435,"Miles Plumlee","C",12.4,18,0,173,39,17,4,80,18.4971098265896,3.93063583815029,0.92485549132948,9.01734104046243,9.61111111111111,4.44444444444444
437,"Quincy Pondexter","SF",2.165481,53,0,292,46,24,1,98,13.4246575342466,3.28767123287671,0.136986301369863,6.3013698630137,5.50943396226415,1.84905660377358
438,"Otto Porter","SF",26.011913,112,86,3366,628,240,62,1560,18.5383244206774,2.85204991087344,0.736779560308972,7.46286393345217,30.0535714285714,13.9285714285714
440,"Bobby Portis","PF",2.494346,100,56,2598,806,144,40,1420,21.8629715165512,2.21709006928406,0.615858352578907,12.409545804465,25.98,14.2
442,"Dwight Powell","C",9.63125,77,22,1662,411,112,50,815,19.6149217809868,2.69554753309266,1.20336943441637,9.89169675090253,21.5844155844156,10.5844155844156
443,"Norman Powell","SG",9.3672,60,3,1126,139,91,13,516,18.3303730017762,3.23268206039076,0.461811722912966,4.93783303730018,18.7666666666667,8.6
444,"Alex Poythress","PF",0.07725,21,1,305,76,17,10,107,14.0327868852459,2.22950819672131,1.31147540983607,9.9672131147541,14.5238095238095,5.0952380952381
447,"Zhou Qi","PF",1.378242,1,0,1,0,0,0,2,80,0,0,0,1,2
448,"Ivan Rabb","PF",1.378242,49,13,721,206,54,14,284,15.755894590846,2.99583911234397,0.776699029126213,11.4285714285714,14.7142857142857,5.79591836734694
449,"Julius Randle","PF",8.641,73,49,2232,634,229,45,1565,28.0465949820789,4.10394265232975,0.806451612903226,11.3620071684588,30.5753424657534,21.4383561643836
450,"Chasson Randle","PG",0.975824,49,2,743,56,97,3,271,14.5895020188425,5.22207267833109,0.161507402422611,3.01480484522207,15.1632653061224,5.53061224489796
452,"JJ Redick","SG",12.25,76,63,2379,186,206,17,1372,23.0685161832703,3.46364018495166,0.28583438419504,3.12736443883985,31.3026315789474,18.0526315789474
453,"Davon Reed","SG",0.75225,10,0,47,6,3,0,12,10.2127659574468,2.5531914893617,0,5.1063829787234,4.7,1.2
455,"Josh Richardson","SG",9.3672,73,73,2539,263,298,34,1209,19.0468688460024,4.6947617172115,0.535643954312722,4.1433635289484,34.7808219178082,16.5616438356164
456,"Malachi Richardson","SG",1.56936,22,0,103,13,0,0,30,11.6504854368932,0,0,5.04854368932039,4.68181818181818,1.36363636363636
457,"Austin Rivers","SG",13.155324,152,30,4056,324,334,46,1236,12.189349112426,3.29388560157791,0.453648915187377,3.19526627218935,26.6842105263158,8.13157894736842
459,"Glenn Robinson","SF",4.075,47,18,610,71,21,8,198,12.983606557377,1.37704918032787,0.524590163934426,4.65573770491803,12.9787234042553,4.21276595744681
460,"Jerome Robinson","SG",3.05016,33,0,320,41,19,3,112,14,2.375,0.375,5.125,9.6969696969697,3.39393939393939
461,"Mitchell Robinson","C",1.48544,66,19,1360,423,37,161,485,14.2647058823529,1.08823529411765,4.73529411764706,12.4411764705882,20.6060606060606,7.34848484848485
462,"Devin Robinson","SF",0.07725,7,0,95,20,6,6,47,19.7894736842105,2.52631578947368,2.52631578947368,8.42105263157895,13.5714285714286,6.71428571428572
463,"Duncan Robinson","PF",0.07725,15,1,161,19,5,0,50,12.4223602484472,1.24223602484472,0,4.72049689440994,10.7333333333333,3.33333333333333
464,"Rajon Rondo","PG",9,46,29,1369,243,367,7,424,12.3886048210373,10.7231555880205,0.204528853177502,7.10007304601899,29.7608695652174,9.21739130434783
465,"Derrick Rose","PG",2.17626,51,13,1392,140,220,12,917,26.3505747126437,6.32183908045977,0.344827586206897,4.02298850574713,27.2941176470588,17.9803921568627
466,"Terrence Ross","SG",10.5,81,0,2150,280,135,29,1223,22.753488372093,2.51162790697674,0.53953488372093,5.2093023255814,26.5432098765432,15.0987654320988
467,"Terry Rozier","PG",3.050389,79,14,1791,307,231,21,708,15.8123953098827,5.15912897822446,0.469011725293132,6.85650474595198,22.6708860759494,8.96202531645569
468,"Ricky Rubio","PG",14.8,68,67,1899,243,416,10,864,18.1990521327014,8.7625065824118,0.210637177461822,5.11848341232227,27.9264705882353,12.7058823529412
469,"D'Angelo Russell","PG",7.019698,81,81,2448,315,563,20,1712,27.9738562091503,9.19934640522876,0.326797385620915,5.14705882352941,30.2222222222222,21.1358024691358
470,"Domantas Sabonis","C",2.6598,74,5,1838,690,212,30,1043,22.6985854189336,4.61371055495103,0.652883569096844,15.0163220892274,24.8378378378378,14.0945945945946
471,"JaKarr Sampson","SF",0.085457,4,0,127,32,4,3,80,25.1968503937008,1.25984251968504,0.94488188976378,10.0787401574803,31.75,20
472,"Brandon Sampson","SG",0.07725,14,2,214,16,10,3,71,13.2710280373832,1.86915887850467,0.560747663551402,2.99065420560748,15.2857142857143,5.07142857142857
473,"Dario Saric","PF",2.52684,162,82,4046,914,254,18,1716,16.9649036085022,2.51112209589718,0.177953534354918,9.03608502224419,24.9753086419753,10.5925925925926
474,"Tomas Satoransky","PG",3.129187,80,54,2164,279,399,13,709,13.1053604436229,7.37523105360444,0.240295748613678,5.15711645101664,27.05,8.8625
476,"Mike Scott","PF",4.3205,158,6,2790,552,132,26,918,13.1612903225806,1.89247311827957,0.372759856630824,7.91397849462366,17.6582278481013,5.81012658227848
477,"Thabo Sefolosha","SF",5.25,50,2,609,123,27,5,190,12.4794745484401,1.77339901477833,0.328407224958949,8.07881773399015,12.18,3.8
478,"Wayne Selden","SG",1.544951,150,26,2878,360,218,26,1028,14.2876997915219,3.02988186240445,0.361362056984017,5.00347463516331,19.1866666666667,6.85333333333333
479,"Collin Sexton","PG",4.07376,82,72,2605,236,243,6,1371,21.0518234165067,3.73128598848369,0.0921305182341651,3.62380038387716,31.7682926829268,16.719512195122
480,"Landry Shamet","SG",1.70592,158,54,3604,268,234,20,1444,16.0266370699223,2.59711431742508,0.221975582685905,2.97447280799112,22.8101265822785,9.13924050632911
481,"Iman Shumpert","SG",11.011234,124,82,2962,366,224,48,930,12.559081701553,3.02498311951384,0.648210668467252,4.9426063470628,23.8870967741935,7.5
482,"Pascal Siakam","PF",1.544951,80,79,2548,549,248,52,1354,21.2558869701727,3.89324960753532,0.816326530612245,8.61852433281005,31.85,16.925
483,"Jordan Sibert","SG",0.04737,1,0,4,0,0,0,3,30,0,0,0,4,3
484,"Ben Simmons","PG",6.43452,79,79,2700,697,610,61,1337,19.8074074074074,9.03703703703704,0.903703703703704,10.3259259259259,34.1772151898734,16.9240506329114
485,"Jonathon Simmons","SF",6,15,0,219,26,33,1,83,15.1598173515982,6.02739726027397,0.182648401826484,4.74885844748858,14.6,5.53333333333333
485,"Jonathon Simmons","SG",6,41,9,845,100,95,14,283,13.396449704142,4.49704142011834,0.662721893491124,4.73372781065089,20.609756097561,6.90243902439024
485,"Jonathon Simmons","SG-SF",6,56,9,1064,126,128,15,366,13.7593984962406,4.81203007518797,0.56390977443609,4.73684210526316,19,6.53571428571429
486,"Kobi Simmons","PG",0.076236,1,0,2,0,0,0,0,0,0,0,0,2,0
487,"Anfernee Simons","SG",1.8378,20,1,141,13,13,0,75,21.2765957446809,3.68794326241135,0,3.68794326241135,7.05,3.75
489,"Marcus Smart","SG",11.160716,80,60,2200,234,321,28,708,12.8727272727273,5.83636363636364,0.509090909090909,4.25454545454545,27.5,8.85
490,"JR Smith","SG",14.72,11,4,222,18,21,3,74,13.3333333333333,3.78378378378378,0.540540540540541,3.24324324324324,20.1818181818182,6.72727272727273
492,"Jason Smith","C",5.45,14,1,150,41,13,5,52,13.8666666666667,3.46666666666667,1.33333333333333,10.9333333333333,10.7142857142857,3.71428571428571
492,"Jason Smith","PF",5.45,6,0,40,11,1,2,13,13,1,2,11,6.66666666666667,2.16666666666667
492,"Jason Smith","PF-C",5.45,20,1,190,52,14,7,65,13.6842105263158,2.94736842105263,1.47368421052632,10.9473684210526,9.5,3.25
494,"Dennis Smith","PG",3.81996,106,100,3016,310,504,40,1444,19.1511936339523,6.68435013262599,0.530503978779841,4.11140583554377,28.4528301886792,13.622641509434
495,"Zhaire Smith","SG",2.61516,6,2,111,13,10,2,40,14.4144144144144,3.6036036036036,0.720720720720721,4.68468468468468,18.5,6.66666666666667
496,"Tony Snell","SF",10.607143,74,12,1304,157,68,18,444,13.6196319018405,2.08588957055215,0.552147239263804,4.8159509202454,17.6216216216216,6
499,"Omari Spellman","PF",1.62252,46,11,805,194,47,25,272,13.5155279503106,2.33540372670807,1.24223602484472,9.63975155279503,17.5,5.91304347826087
500,"Nik Stauskas","SG",2.161886,136,0,2030,254,162,14,798,15.7241379310345,3.19211822660098,0.275862068965517,5.00492610837438,14.9264705882353,5.86764705882353
501,"DJ Stephens","SG",0.07725,1,0,7,0,0,0,2,11.4285714285714,0,0,0,7,2
502,"Lance Stephenson","SG",4.449,68,3,1123,215,140,7,491,17.4888691006233,4.986642920748,0.2493321460374,7.65805877114871,16.5147058823529,7.22058823529412
504,"Edmond Sumner","PG",0.449794,23,2,210,24,10,5,66,12.5714285714286,1.9047619047619,0.952380952380952,4.57142857142857,9.1304347826087,2.8695652173913
505,"Caleb Swanigan","PF",1.74,42,0,356,128,22,2,86,9.66292134831461,2.47191011235955,0.224719101123595,14.3820224719101,8.47619047619048,2.04761904761905
506,"Jayson Tatum","SF",6.7008,79,79,2455,477,168,57,1243,20.2525458248473,2.73727087576375,0.928716904276986,7.77189409368635,31.0759493670886,15.7341772151899
507,"Jeff Teague","PG",19,42,41,1264,106,343,18,510,16.1392405063291,10.8544303797468,0.569620253164557,3.35443037974684,30.0952380952381,12.1428571428571
509,"Garrett Temple","SG",8,150,110,4080,432,212,60,1172,11.4901960784314,2.07843137254902,0.588235294117647,4.23529411764706,27.2,7.81333333333333
510,"Milos Teodosic","PG",6.3,15,0,150,16,32,1,48,12.8,8.53333333333333,0.266666666666667,4.26666666666667,10,3.2
511,"Jared Terrell","SG",0.07725,14,0,111,6,12,2,31,11.1711711711712,4.32432432432432,0.720720720720721,2.16216216216216,7.92857142857143,2.21428571428571
512,"Emanuel Terry","PF",0.09474,6,0,46,14,4,0,20,17.3913043478261,3.47826086956522,0,12.1739130434783,7.66666666666667,3.33333333333333
513,"Daniel Theis","C",1.378242,66,2,908,225,68,42,374,16.4757709251101,2.99559471365639,1.85022026431718,9.91189427312775,13.7575757575758,5.66666666666667
514,"Lance Thomas","PF",7.11965,46,17,783,117,27,7,205,10.4725415070243,1.37931034482759,0.357598978288633,5.97701149425287,17.0217391304348,4.45652173913044
515,"Isaiah Thomas","SG",2.029463,12,0,181,13,23,1,97,21.4364640883978,5.0828729281768,0.220994475138122,2.87292817679558,15.0833333333333,8.08333333333333
516,"Khyri Thomas","SG",0.838464,26,0,195,20,8,5,61,12.5128205128205,1.64102564102564,1.02564102564103,4.1025641025641,7.5,2.34615384615385
517,"Klay Thompson","SG",18.988725,78,78,2652,299,186,47,1680,25.3393665158371,2.80542986425339,0.708898944193062,4.50980392156863,34,21.5384615384615
518,"Tristan Thompson","C",17.469565,43,40,1198,438,86,16,470,15.6928213689482,2.87145242070117,0.534223706176962,14.6243739565943,27.8604651162791,10.9302325581395
520,"Sindarius Thornwell","SG",1.378242,64,1,313,44,18,7,62,7.92332268370607,2.30031948881789,0.894568690095847,5.62300319488818,4.890625,0.96875
521,"Anthony Tolliver","PF",5.75,65,0,1079,177,46,21,326,12.0852641334569,1.70528266913809,0.778498609823911,6.56163113994439,16.6,5.01538461538462
522,"Karl-Anthony Towns","C",7.839435,77,77,2545,954,259,125,1880,29.5481335952849,4.07072691552063,1.96463654223969,14.9941060903733,33.0519480519481,24.4155844155844
523,"Gary Trent","SG",0.838464,15,1,111,11,5,2,40,14.4144144144144,1.8018018018018,0.720720720720721,3.96396396396396,7.4,2.66666666666667
524,"Allonzo Trier","SG",3.382,64,3,1459,197,119,14,695,19.0541466758053,3.26250856751199,0.383824537354352,5.40095956134339,22.796875,10.859375
525,"PJ Tucker","PF",7.959537,82,82,2802,479,96,39,601,8.57958600999286,1.37044967880086,0.556745182012848,6.83797287651677,34.1707317073171,7.32926829268293
526,"Evan Turner","PG",17.868853,73,2,1605,328,283,18,494,12.3115264797508,7.05295950155763,0.448598130841121,8.17445482866044,21.986301369863,6.76712328767123
527,"Myles Turner","C",3.294994,74,74,2119,531,115,199,984,18.5747994336951,2.17083529966966,3.75648890986314,10.023596035866,28.6351351351351,13.2972972972973
528,"Ekpe Udoh","C",3.36,51,1,320,90,28,31,119,14.875,3.5,3.875,11.25,6.27450980392157,2.33333333333333
529,"Tyler Ulis","PG",0.07725,1,0,1,0,0,0,0,0,0,0,0,1,0
530,"Jonas Valanciunas","C",16.539326,98,54,2182,838,140,106,1526,27.974335472044,2.56645279560037,1.94317140238313,15.3620531622365,22.265306122449,15.5714285714286
532,"Jarred Vanderbilt","PF",0.838464,17,0,69,23,3,1,24,13.9130434782609,1.73913043478261,0.579710144927536,13.3333333333333,4.05882352941176,1.41176470588235
533,"Fred VanVleet","PG",8.653847,64,28,1760,167,307,20,701,15.9318181818182,6.97727272727273,0.454545454545455,3.79545454545454,27.5,10.953125
534,"Noah Vonleh","PF",1.621415,68,57,1722,528,129,51,571,13.2636469221835,2.99651567944251,1.18466898954704,12.2648083623693,25.3235294117647,8.39705882352941
535,"Nikola Vucevic","C",12.75,80,80,2510,960,307,89,1665,26.5338645418327,4.89243027888446,1.41832669322709,15.2988047808765,31.375,20.8125
536,"Dwyane Wade","SG",2.393887,72,2,1885,285,301,38,1083,22.9814323607427,6.38726790450928,0.806366047745358,6.04774535809018,26.1805555555556,15.0416666666667
537,"Moritz Wagner","C",1.76424,43,5,446,85,24,13,207,18.5650224215247,2.152466367713,1.16591928251121,7.62331838565022,10.3720930232558,4.81395348837209
538,"Dion Waiters","SG",12.705,44,28,1138,116,121,9,527,18.5237258347979,4.2530755711775,0.31634446397188,4.07732864674868,25.8636363636364,11.9772727272727
539,"Kemba Walker","PG",12,82,82,2863,361,484,34,2102,29.3677960181628,6.76213761788334,0.47502619629759,5.04366049598323,34.9146341463415,25.6341463414634
540,"Lonnie Walker","SG",2.36016,17,0,118,17,9,3,45,15.2542372881356,3.05084745762712,1.01694915254237,5.76271186440678,6.94117647058824,2.64705882352941
541,"John Wall","PG",19.1698,32,32,1104,116,279,29,663,24.0217391304348,10.1086956521739,1.05072463768116,4.20289855072464,34.5,20.71875
542,"Tyrone Wallace","PG",1.349383,62,0,628,101,42,7,218,13.8853503184713,2.67515923566879,0.445859872611465,6.43312101910828,10.1290322580645,3.51612903225806
543,"Brad Wanamaker","PG",0.838464,36,0,343,41,56,2,140,16.3265306122449,6.53061224489796,0.233236151603499,4.78134110787172,9.52777777777778,3.88888888888889
544,"TJ Warren","SF",11.75,43,36,1360,174,64,29,772,22.7058823529412,1.88235294117647,0.852941176470588,5.11764705882353,31.6279069767442,17.953488372093
545,"Julian Washburn","SF",0.07725,18,3,254,41,14,2,40,6.2992125984252,2.20472440944882,0.31496062992126,6.45669291338583,14.1111111111111,2.22222222222222
546,"Yuta Watanabe","SF",0.07725,15,0,174,31,8,1,39,8.96551724137931,1.83908045977011,0.229885057471264,7.1264367816092,11.6,2.6
547,"Thomas Welsh","C",0.07725,11,0,36,4,5,0,18,20,5.55555555555556,0,4.44444444444444,3.27272727272727,1.63636363636364
548,"Russell Westbrook","PG",35.665,73,73,2630,807,784,33,1675,25.4752851711027,11.9239543726236,0.501901140684411,12.2737642585551,36.027397260274,22.945205479452
549,"Derrick White","PG",1.66716,67,55,1728,247,263,47,663,15.3472222222222,6.08796296296296,1.08796296296296,5.71759259259259,25.7910447761194,9.8955223880597
550,"Okaro White","PF",0.247827,3,0,6,2,0,0,0,0,0,0,13.3333333333333,2,0
552,"Hassan Whiteside","C",24.434262,72,53,1674,817,56,136,887,21.194743130227,1.33811230585424,3.24970131421744,19.5221027479092,23.25,12.3194444444444
553,"Andrew Wiggins","SF",25.46725,73,73,2543,352,184,48,1321,20.778607943374,2.89421942587495,0.755013763271726,5.53676759732599,34.8356164383562,18.0958904109589
554,"Marvin Williams","PF",14.0875,75,75,2133,407,92,61,756,14.1772151898734,1.72526957337084,1.14392873886545,7.63244256915143,28.44,10.08
557,"Robert Williams","C",1.6566,32,2,283,81,7,40,81,11.4487632508834,0.989399293286219,5.65371024734982,11.4487632508834,8.84375,2.53125
558,"Kenrich Williams","SF",0.838464,46,29,1079,219,83,19,279,10.3429101019462,3.07692307692308,0.704355885078777,8.11862835959221,23.4565217391304,6.06521739130435
559,"Johnathan Williams","C",0.12725,24,0,372,99,13,7,157,16.8817204301075,1.39784946236559,0.752688172043011,10.6451612903226,15.5,6.54166666666667
560,"Troy Williams","SF",0.07725,21,0,312,59,11,8,111,14.2307692307692,1.41025641025641,1.02564102564103,7.56410256410256,14.8571428571429,5.28571428571429
561,"CJ Williams","SG",0.07725,15,0,128,8,12,0,39,12.1875,3.75,0,2.5,8.53333333333333,2.6
562,"Alan Williams","PF",0.07725,5,0,26,19,3,0,18,27.6923076923077,4.61538461538462,0,29.2307692307692,5.2,3.6
563,"DJ Wilson","PF",2.53428,48,3,882,222,52,20,280,12.6984126984127,2.35827664399093,0.90702947845805,10.0680272108844,18.375,5.83333333333333
564,"Justise Winslow","SF",3.448926,66,52,1959,355,282,19,830,16.9474221541603,5.75803981623277,0.38795303726391,7.24859622256253,29.6818181818182,12.5757575757576
565,"Christian Wood","PF",1.512601,42,4,502,166,16,20,344,27.410358565737,1.27490039840637,1.59362549800797,13.2270916334661,11.952380952381,8.19047619047619
566,"Delon Wright","PG",2.536898,150,26,3398,532,496,60,1306,15.3737492642731,5.83872866391995,0.706297822248381,6.26250735726898,22.6533333333333,8.70666666666667
567,"Guerschon Yabusele","PF",2.6676,41,1,251,53,15,7,94,14.9800796812749,2.39043824701195,1.11553784860558,8.44621513944223,6.1219512195122,2.29268292682927
568,"Thaddeus Young","PF",13.764045,81,81,2489,523,204,36,1024,16.4564081960627,3.27842507030936,0.578545600642828,8.40498192044998,30.7283950617284,12.641975308642
569,"Trae Young","PG",5.36328,81,81,2503,301,653,15,1549,24.7542948461846,10.4354774270875,0.239712345185777,4.81022772672793,30.9012345679012,19.1234567901235
570,"Nick Young","SG",0.28402,4,0,37,1,2,1,9,9.72972972972973,2.16216216216216,1.08108108108108,1.08108108108108,9.25,2.25
572,"Cody Zeller","C",13.52809,49,47,1243,333,102,41,497,15.9935639581657,3.28238133547868,1.31938857602574,10.7160096540628,25.3673469387755,10.1428571428571
573,"Tyler Zeller","C",0.213948,12,2,186,48,8,6,92,19.7849462365591,1.72043010752688,1.29032258064516,10.3225806451613,15.5,7.66666666666667
574,"Ante Zizic","C",1.95276,59,25,1082,320,53,22,459,16.9685767097967,1.95933456561922,0.813308687615527,11.8299445471349,18.3389830508475,7.77966101694915
575,"Ivica Zubac","C",1.544951,118,74,2080,724,126,102,1050,20.1923076923077,2.42307692307692,1.96153846153846,13.9230769230769,17.6271186440678,8.89830508474576
